productId;name;description
25fa7df2-cdf5-4256-bb40-a44adffcf229;nunc;erat eros viverra eget congue
bd1145c9-2627-44cb-b3e3-fd096fe84749;nunc;justo lacinia eget tincidunt
28f6a014-8e4e-48da-93ee-8bc51d686788;nullam;orci eget orci vehicula
90769ed8-a96a-4dd7-8c51-8223553f114b;penatibus;vestibulum sagittis sapien cum
fa4bf337-3c09-4c98-a6ef-b4b5443eb189;lectus;eu massa donec dapibus
95e0cefb-9ff9-425c-9ea2-11c2c6ae6051;consequat;habitasse platea dictumst maecenas ut
0277b2bd-b193-4db1-9f6b-9b63006a286e;odio;augue a suscipit nulla elit
bb6f30da-e3d0-486f-aad6-90bd595d5000;elit;ligula sit amet eleifend
eb5bf604-cbb0-4331-9315-bf25201a18d0;nisi;quisque porta volutpat erat
328f2f11-2179-4c79-a894-02d2fd5d4519;habitasse;sapien varius ut blandit
3a21c01f-ee9e-4501-b91f-80eab6213c4a;nisi;in est risus auctor
082f6c28-344c-4447-a3b1-98a2a6e918cd;tristique;in tempus sit amet
276b1c84-26c3-4fa5-81d4-cad1e37fe7b5;turpis;consequat dui nec nisi
4aa4ed72-00f7-4df4-9706-c6f81876b1b9;sagittis;placerat praesent blandit nam
2a343814-27c6-4af6-bd9c-7e510dae5246;a;nisl duis bibendum felis
dea34225-ccc3-4975-be00-870216d7af77;nec;ipsum ac tellus semper interdum
1e1e0501-8ef8-4e43-88d9-2cf8e2654ae3;nibh;donec odio justo sollicitudin
a53f9270-e109-47a3-814f-74a625bd5c96;vel;parturient montes nascetur ridiculus
949b2df8-2560-4d81-a442-b6a239cdf5ae;aliquam;est donec odio justo sollicitudin
54f20139-52be-477d-a022-813e56476a04;eu;eget tempus vel pede morbi
1e7419b3-398b-4a00-a0d6-4be136ffffff;in;id ornare imperdiet sapien urna
8b2624d0-2fc5-422b-8048-460d5c8f3176;vestibulum;tortor id nulla ultrices aliquet
bfa1fcf2-d3c3-4b83-96ea-9eb8de54dda9;dui;mauris sit amet eros
07c21846-f20a-4179-92ae-d56dfbb085ea;aliquam;justo pellentesque viverra pede ac
876dc5ff-46d2-4251-a654-b536eec75c0c;augue;nulla mollis molestie lorem quisque
43d760ca-7dfe-4482-b9f8-19c3918a7cd4;id;felis sed lacus morbi sem
3e764130-7edd-45c5-95ae-fdcf3abbe863;mattis;morbi non lectus aliquam sit
a96cd4ea-f5f1-4058-bb5f-fd1a30689f3c;justo;erat vestibulum sed magna
d9e3e20c-3247-4e66-a8e3-e0b655fa87e7;ut;quam a odio in
ea332fba-e54e-445a-a4c5-4c1faf5e4dfe;hac;curabitur convallis duis consequat dui
fad19adb-a5b5-4096-b158-ba5945385854;eget;lorem ipsum dolor sit amet
7e416016-17da-452b-9db1-802df7989ba0;diam;curabitur convallis duis consequat
c9b91f0f-6c56-4fb7-b3e5-eb2ee8c8fd27;rutrum;blandit non interdum in
c99eb44c-bf4b-4fbc-b88e-9f1a8f0d71b7;donec;condimentum id luctus nec
c1403079-d71e-47c8-92f8-221a64813fbb;convallis;semper sapien a libero nam
3fb29947-e20f-420f-9453-40dac1b79c16;donec;libero non mattis pulvinar
bcea53b5-eaed-4bee-9325-7bb9b1df642f;risus;non ligula pellentesque ultrices
1740e68b-287b-4828-a389-0112bef4f29a;maecenas;sit amet cursus id
8c2e6c1d-f10d-4e36-afab-7247ffc14e54;non;in magna bibendum imperdiet nullam
787c2caa-99b5-4aa7-bd96-078e19ca7964;libero;integer tincidunt ante vel ipsum
d058d526-0192-4888-b29f-02f7487aa40e;mauris;semper rutrum nulla nunc
57ddc3dc-2a10-4347-b15c-af37c76fadb8;eros;ligula nec sem duis aliquam
85a9dbe1-4c85-4b89-8a31-4f00b714d694;sed;odio in hac habitasse platea
bec1ce5a-664e-40ac-9108-6abf308f7458;curabitur;turpis sed ante vivamus
d716ddd1-80c3-46db-92f9-21224dba64ad;odio;suspendisse potenti nullam porttitor
6ca92c5b-3879-46be-86fa-62f110efa46c;at;tincidunt nulla mollis molestie
18076a80-47a7-4841-afbc-c176e9b6a45c;vestibulum;nec euismod scelerisque quam turpis
2203521c-b63a-4069-95b0-cfb3fc11559a;erat;urna ut tellus nulla ut
3a9e949a-407f-4e34-9240-0d5212c77328;amet;molestie sed justo pellentesque
4351e735-bb54-4c62-97e7-c8d58bb205ef;odio;posuere metus vitae ipsum aliquam
b5648fde-c014-49a8-9276-533b3588254c;nisl;phasellus in felis donec semper
7ada9817-2c1f-499a-ba5b-db4a6c231dd1;ipsum;in faucibus orci luctus
fa1dcc9d-a16f-4259-9de4-edc19c035496;orci;ut volutpat sapien arcu sed
5807f8dd-bea2-465e-8f38-3fe8db3be2f3;turpis;vestibulum sit amet cursus id
1af0b843-1d6b-4a78-ba54-1a3f5ac76bde;elementum;integer ac leo pellentesque ultrices
c1c12069-08db-4101-9b2d-c450262f4e80;nunc;semper porta volutpat quam pede
75847ba1-d278-4642-9943-d600107ebe4f;volutpat;eleifend pede libero quis orci
c99a025a-a255-4fc2-a4e5-79ef65bc785b;vestibulum;iaculis diam erat fermentum justo
d51f4f95-100a-4911-b4f5-2cb9c5597d4f;et;penatibus et magnis dis parturient
911b2cd9-9d26-4a19-8335-ece8bd67ae1a;enim;sapien placerat ante nulla justo
f009bf79-6685-4f12-98ec-085d58b8aa8e;mauris;est et tempus semper est
01a4b9d3-2bb8-46c5-a7fb-19b2d652833e;blandit;blandit lacinia erat vestibulum sed
1d64d77c-139d-4b7a-9401-079d3f160c4c;amet;pretium nisl ut volutpat sapien
d4c9f581-113f-492f-8d9c-eab96e4f3be6;potenti;lacinia erat vestibulum sed magna
7cbc3606-c579-410d-9e18-9a5c04852fa6;curae;lectus pellentesque eget nunc donec
c60a285b-ab04-42be-8adb-4cbbe4df389c;sed;vehicula consequat morbi a ipsum
ab2b399b-764a-4009-acdf-7081b0275ef0;a;eget nunc donec quis
3a29bb1d-fa32-482b-9e6b-9595820907ad;vitae;erat volutpat in congue etiam
58f3a227-6773-4983-9094-2bb66341b898;in;lorem integer tincidunt ante vel
beaf04de-5535-4a73-8a94-ad3f4b77aef6;eros;nulla dapibus dolor vel
e712c6e6-b493-42d3-8e24-c157d663a9bd;at;malesuada in imperdiet et
6a9dc0d9-e2a3-4cf6-9dda-81d170cf2630;magna;ultrices phasellus id sapien
f5e06866-a676-463b-a681-90375d2310c9;nulla;ornare imperdiet sapien urna pretium
32f61c3f-fad2-4de0-87e5-30fce292d28d;est;elit proin risus praesent lectus
292bf957-8f16-4563-8bf7-656e4c564211;ipsum;nunc proin at turpis
8dae3f3c-c057-4484-9386-8bb67568696b;lacus;metus arcu adipiscing molestie
b160f86b-693f-4bf4-8a46-5c0c626131ea;vitae;in hac habitasse platea
d80948c1-07e0-4072-893f-bf94d1141243;vivamus;porta volutpat quam pede
db18e382-5b4b-4049-bfd4-835bb3df7cf0;donec;nisl nunc rhoncus dui
2f687833-e221-4eae-a521-94d9023268b9;aenean;augue vestibulum rutrum rutrum neque
3aa41b67-ac60-4fed-98b7-faa250f23984;augue;semper porta volutpat quam
b456b0af-080c-4d41-a45c-48d083f8459d;morbi;sed sagittis nam congue
285821aa-650a-4614-9e9b-d54420d9cf88;tempus;congue vivamus metus arcu
12829552-44a5-4fd3-8c75-c3c065687834;molestie;justo aliquam quis turpis
770d93c7-a992-4bce-8d5e-ef536728b8ab;pretium;odio odio elementum eu
3d819efd-8dc8-4fc7-b38f-3621527969b3;in;amet justo morbi ut odio
b4c7858b-7538-4510-9aa8-39f7256a5dc7;quam;hac habitasse platea dictumst
e7b1f6fe-6b81-48e7-bc34-2a84f70373b2;ut;felis ut at dolor
d30fb787-6306-429c-9361-0c7a5cb66366;ultrices;donec diam neque vestibulum eget
8838cbe3-68ce-4608-b553-31d7ff5cda17;diam;libero nam dui proin leo
1eed45d9-e524-4efe-91f8-59b2a8d92c50;sit;odio odio elementum eu
25dc4ff4-ae7b-4e7d-8139-77fef73f1a0b;vestibulum;pede ullamcorper augue a
358a7431-78c8-436e-9e45-63375ff4f1bc;sollicitudin;vulputate luctus cum sociis
a6609f6e-fa1d-4ddb-8dc5-71b3af2a62cf;convallis;sem duis aliquam convallis nunc
1d373ce4-5845-4f15-ae80-5af1fe272116;etiam;at turpis donec posuere
00dba326-3cbb-47a9-83ff-9b4fcc71173f;luctus;at dolor quis odio
283ef01f-96de-4692-90d5-1c094e6e53d0;elementum;elit proin risus praesent lectus
1f08bbbd-42fa-40fe-b5a3-728427907e39;porttitor;ut volutpat sapien arcu sed
11cd8f4b-6631-4225-81de-19d915d6d8a0;tincidunt;quam pharetra magna ac consequat
11cd8f4b-6631-4225-81de-19d915d6d8a0;duplicate product;quam pharetra magna ac consequat
e3783338-7961-45c4-a58b-19d6c7b949b3;pulvinar;orci nullam molestie nibh in